1	2381	Трима другари	Трима другари	Ерих Мария Ремарк	Ерих Мария Ремарк
2	251	Без дом	Без дом	Ектор Мало	Ектор Мало
20	4926	Не пуша вече!	Не пуша вече!	Алън Кар	Алън Кар
26	1620	Огънят отвътре	Огънят отвътре	Карлос Кастанеда	Карлос Кастанеда
27	1621	Силата на безмълвието	Силата на безмълвието	Карлос Кастанеда	Карлос Кастанеда
30	7174	Войната на семейство Роуз	Войната на семейство Роуз	Уорън Адлър	Уорън Адлър
34	1554	Магическият преход	Магическият преход	Тайша Абелар	Тайша Абелар
40	3818	Съчинения в три тома	Съчинения в три тома	Чудомир	Чудомир
41	3818	Съчинения в три тома	Съчинения в три тома	Чудомир	Чудомир
42	3818	Съчинения в три тома	Съчинения в три тома	Чудомир	Чудомир
43	4473	Чевенгур	Чевенгур	Андрей Платонов	Андрей Платонов
58	2105	Книга за операта	Книга за операта	Любомир Сагаев	Любомир Сагаев
68	4777	Възкресение	Възкресение	Лев Толстой	Лев Толстой
86	3546	Денят не съмва за нас	Денят не съмва за нас	Робер Мерл	Робер Мерл
100	5274	Дъщерята на професора	Дъщерята на професора	Пиърз Пол Рийд	Пиърз Пол Рийд
111	2350	Дейвид Копърфийлд	Дейвид Копърфийлд	Чарлс Дикенс	Чарлс Дикенс
112	1984	Добрият път	Добрият път	Конфуций	Конфуций
114	355	Един ден на Иван Денисович	Един ден на Иван Денисович	Александър Солженицин	Александър Солженицин
116	1064	Параграф 22	Параграф 22	Джоузеф Хелър	Джоузеф Хелър
122	1371	Към себе си	Към себе си	Марк Аврелий	Марк Аврелий
143	2109	Голгота	Голгота	Чингиз Айтматов	Чингиз Айтматов
156	935	Изгубеният свят	Изгубеният свят	Артър Конан Дойл	Артър Конан Дойл
163	345	Раково отделение	Раково отделение	Александър Солженицин	Александър Солженицин
165	276	Къщата на духовете	Къщата на духовете	Исабел Алиенде	Исабел Алиенде
168	4206	Диви кинозвезди	Диви кинозвезди	Джералд Даръл	Джералд Даръл
173	119	Сто години самота	Сто години самота	Габриел Гарсия Маркес	Габриел Гарсия Маркес
177	1258	СИЯНИЕ	Сияние	Стивън Кинг	Стивън Кинг
193	919	Клошмерл	Клошмерл	Габриел Шевалие	Габриел Шевалие
195	965	Ян Бибиян	Ян Бибиян	Елин Пелин	Елин Пелин
197	7897	Дамата с карамфилите	Дамата с карамфилите	Арчибалд Кронин	Арчибалд Кронин
200	944	Резерватът на таласъмите	Резерватът на таласъмите	Клифърд Саймък	Клифърд Саймък
204	604	На вратата се позвъни. Гамбит	На вратата се позвъни. Гамбит	Рекс Стаут	Рекс Стаут
211	1090	Железният светилник	Железният светилник	Димитър Талев	Димитър Талев
228	1336	Вийет	Вийет	Шарлот Бронте	Шарлот Бронте
234	7963	Герой по неволя	Герой по неволя	Лионор Флайшър	Лионор Флайшър
243	7961	Пяната на дните	Пяната на дните	Борис Виан	Борис Виан
249	4767	Тежки времена	Тежки времена	Чарлз Дикенс	Чарлз Дикенс
250	1763	Бай Ганьо	Бай Ганьо	Алеко Константинов	Алеко Константинов
251	1430	Време разделно	Време разделно	Антон Дончев	Антон Дончев
312	3621	Нека ти разкажа	Нека ти разкажа	Хорхе Букай	Хорхе Букай
322	2783	Доводите на разума	Доводите на разума	Джейн Остин	Джейн Остин
340	3714	Успехът и парите	Успехът и парите	Джон Кехоу	Джон Кехоу
342	1928	Вещицата от Портобело	Вещицата от Портобело	Паулу Коелю	Паулу Коелю
343	4028	Яж, моли се и обичай	Яж, моли се и обичай	Елизабет Гилбърт	Елизабет Гилбърт
357	1550	Пътуване към Икстлан	Пътуване към Икстлан	Карлос Кастанеда	Карлос Кастанеда
364	1665	Цар плъх	Цар Плъх	Джеймс Клавел	Джеймс Клавел
388	5779	Моят чичо Осуалд	Моят чичо Осуалд	Роалд Дал	Роалд Дал
397	1549	Една отделна реалност	Една отделна реалност	Карлос Кастанеда	Карлос Кастанеда
405	1611	Дневникът на един маг	Дневникът на един маг	Паулу Коелю	Паулу Коелю
406	1102	Майстора и Маргарита	Майстора и Маргарита	Михаил Булгаков	Михаил Булгаков
420	7267	Лабиринтът с костите	Лабиринтът с костите	Рик Риърдън	Рик Риърдън
423	6353	Маската на Атрей	Маската на Атрей	А. Дж. Хартли	А. Дж. Хартли
456	7975	Любовен пасианс	Любовен пасианс	Александра Потър	Александра Потър
459	4882	Диаболични повести и разкази	Диаболични повести и разкази	Владимир Полянов	Владимир Полянов
476	7102	Вампирът Лестат	Вампирът Лестат	Ан Райс	Ан Райс
499	4973	Валс в тъмнината	Валс в тъмнината	Уилям Айриш	Уилям Айриш
514	7898	Грейси Линдзи	Грейси Линдзи	Арчибалд Кронин	Арчибалд Кронин
527	1534	Тютюн	Тютюн	Димитър Димов	Димитър Димов
527	1960	Тютюн	Тютюн	Димитър Димов	Димитър Димов
546	7890	Каменни трохи	Каменни трохи	Инге Нера	Инге Нера
554	1836	Дюн	Дюн	Франк Хърбърт	Франк Хърбърт
570	4342	История на окото	История на окото	Жорж Батай	Жорж Батай
576	270	Конски гамбит	Конски гамбит	Уилям Фокнър	Уилям Фокнър
592	4359	Тъй рече Заратустра	Тъй рече Заратустра	Фридрих Ницше	Фридрих Ницше
592	7477	Тъй рече Заратустра	Тъй рече Заратустра	Фридрих Ницше	Фридрих Ницше
600	126	Робинзон Крузо	Робинзон Крузо	Даниел Дефо	Даниел Дефо
666	4275	Безкрайна нощ	Безкрайна нощ	Агата Кристи	Агата Кристи
678	662	Гордост и предразсъдъци	Гордост и предразсъдъци	Джейн Остин	Джейн Остин
685	4254	Меч на съдбата	Меч на съдбата	Анджей Сапковски	Анджей Сапковски
688	4190	Кръвта на елфите	Кръвта на елфите	Анджей Сапковски	Анджей Сапковски
689	1479	Поручик Бенц	Поручик Бенц	Димитър Димов	Димитър Димов
697	4191	Време на презрение	Време на презрение	Анджей Сапковски	Анджей Сапковски
699	4903	Огнено кръщение	Огнено кръщение	Анджей Сапковски	Анджей Сапковски
700	4904	Кулата на лястовицата	Кулата на лястовицата	Анджей Сапковски	Анджей Сапковски
702	4905	Господарката на езерото	Господарката на езерото	Анджей Сапковски	Анджей Сапковски
702	4906	Господарката на езерото	Господарката на езерото	Анджей Сапковски	Анджей Сапковски
703	4905	Господарката на езерото	Господарката на езерото	Анджей Сапковски	Анджей Сапковски
703	4906	Господарката на езерото	Господарката на езерото	Анджей Сапковски	Анджей Сапковски
718	1908	Зона 51: Началото	Зона 51: Началото	Робърт Дохърти	Робърт Дохърти
719	1909	Зона 51: Отговорът	Зона 51: Отговорът	Робърт Дохърти	Робърт Дохърти
734	1513	Боговете на Марс	Боговете на Марс	Едгар Бъроуз	Едгар Бъроуз
736	53	1984	1984	Джордж Оруел	Джордж Оруел
752	4915	Аз съм номер Четири	Аз съм номер четири	Питакъс Лор	Питакъс Лор
753	6735	Силата на шестимата	Силата на шестимата	Питакъс Лор	Питакъс Лор
759	1910	Зона 51: Мисията	Зона 51: Мисията	Робърт Дохърти	Робърт Дохърти
760	1911	Зона 51: Сфинксът	Зона 51: Сфинксът	Робърт Дохърти	Робърт Дохърти
762	1912	Зона 51: Граалът	Зона 51: Граалът	Робърт Дохърти	Робърт Дохърти
763	1913	Зона 51: Екскалибур	Зона 51: Екскалибур	Робърт Дохърти	Робърт Дохърти
764	1914	Зона 51: Истината	Зона 51: Истината	Робърт Дохърти	Робърт Дохърти
765	1915	Зона 51: Носферату	Зона 51: Носферату	Робърт Дохърти	Робърт Дохърти
766	1916	Зона 51: Легендата	Зона 51: Легендата	Робърт Дохърти	Робърт Дохърти
768	3812	Летен прилив	Летен прилив	Чарлс Шефилд	Чарлс Шефилд
769	3808	Отклонение	Отклонение	Чарлс Шефилд	Чарлс Шефилд
770	3817	Превъзходство	Превъзходство	Чарлс Шефилд	Чарлс Шефилд
771	3813	Сливане	Сливане	Чарлс Шефилд	Чарлс Шефилд
773	942	Градът	Градът	Клифърд Саймък	Клифърд Саймък
777	4396	След нас и потоп	След нас и потоп	Йозеф Томан	Йозеф Томан
778	6961	Феята Мелюзина	Феята Мелюзина	Жан д'Арас	Жан д'Арас
780	4834	Игрите на глада	Игрите на глада	Сюзан Колинс	Сюзан Колинс
781	4916	Възпламеняване	Възпламеняване	Сюзан Колинс	Сюзан Колинс
782	5567	Сойка-присмехулка	Сойка-присмехулка	Сюзан Колинс	Сюзан Колинс
799	1937	Можеш ли да пазиш тайна?	Можеш ли да пазиш тайна?	Софи Кинсела	Софи Кинсела
802	5638	Да омъжим мама	Да омъжим мама	Оливия Голдсмит	Оливия Голдсмит
819	6883	Облакът Атлас	Облакът атлас	Дейвид Мичъл	Дейвид Мичъл
845	7634	Войната на Калибан	Войната на Калибан	Джеймс С. А. Кори	Джеймс С. А. Кори
849	6890	Сделката на капитан Ворпатрил	Сделката на капитан Ворпатрил	Лоис Макмастър Бюджолд	Лоис Макмастър Бюджолд
852	7577	Левиатан се пробужда	Левиатан се пробужда	Джеймс С. А. Кори	Джеймс С. А. Кори
854	3406	Урагири	Урагири	Лора Джо Роуланд	Лора Джо Роуланд
861	1119	Създателят на вселени	Създателят на вселени	Филип Хосе Фармър	Филип Хосе Фармър
862	1120	Вратите на съзиданието	Вратите на съзиданието	Филип Хосе Фармър	Филип Хосе Фармър
864	1121	Невъзможен свят	Невъзможен свят	Филип Хосе Фармър	Филип Хосе Фармър
865	1122	Последният удар	Последният удар	Филип Хосе Фармър	Филип Хосе Фармър
868	1152	Царството на Хаоса	Царството на Хаоса	Роджър Зелазни	Роджър Зелазни
871	1549	Една отделна реалност	Една отделна реалност	Карлос Кастанеда	Карлос Кастанеда
872	1550	Пътуване към Икстлан	Пътуване към Икстлан	Карлос Кастанеда	Карлос Кастанеда
874	1619	Вторият пръстен на силата	Вторият пръстен на силата	Карлос Кастанеда	Карлос Кастанеда
875	1551	Дарът на Орела	Дарът на орела	Карлос Кастанеда	Карлос Кастанеда
876	1153	Козовете на съдбата	Козовете на съдбата	Роджър Зелазни	Роджър Зелазни
878	1154	Рицар на сенките	Рицар на Сенките	Роджър Зелазни	Роджър Зелазни
879	1155	Принц на Хаоса	Принц на Хаоса	Роджър Зелазни	Роджър Зелазни
886	7103	Назад по линията	Назад по линията	Робърт Силвърбърг	Робърт Силвърбърг
889	2529	Джийвс и феодалният дух	Джийвс и феодалният дух	П. Г. Удхаус	П. Г. Удхаус
891	2374	Пълнолуние в Бландингс	Пълнолуние в Бландингс	П. Г. Удхаус	П. Г. Удхаус
895	2314	Най-страхотното шоу в космоса	Най-страхотното шоу в космоса	Робърт Ранкин	Робърт Ранкин
896	1383	Магьоснически гамбит	Магьоснически гамбит	Дейвид Едингс	Дейвид Едингс
904	4891	„Звезден риск“ ООД	„Звезден риск“ ООД	Крис Бънч	Крис Бънч
905	4895	Пясъчните крале	Пясъчните крале	Джордж Р. Р. Мартин	Джордж Р. Р. Мартин
907	7207	Проломът	Проломът	Патрик Лий	Патрик Лий
908	3170	Дарвиния	Дарвиния	Робърт Чарлз Уилсън	Робърт Чарлз Уилсън
910	3426	Няма да се уплаша от злото	Няма да се уплаша от злото	Робърт Хайнлайн	Робърт Хайнлайн
913	1517	Стрелецът	Стрелецът	Стивън Кинг	Стивън Кинг
914	1523	Трите карти	Трите карти	Стивън Кинг	Стивън Кинг
915	1535	Пустош	Пустош	Стивън Кинг	Стивън Кинг
917	1536	Вълците от Кала	Вълците от Кала	Стивън Кинг	Стивън Кинг
918	1540	Песента на Сузана	Песента на Сузана	Стивън Кинг	Стивън Кинг
920	1880	Тъмната кула	Тъмната кула	Стивън Кинг	Стивън Кинг
921	7602	Вихър през ключалката	Вихър през ключалката	Стивън Кинг	Стивън Кинг
922	6969	Персевал, или Разказ за Граала	Персевал, или Разказ за Граала	Кретиен дьо Троа	Кретиен дьо Троа
926	7760	Камуфлаж	Камуфлаж	Джо Холдеман	Джо Холдеман
933	5569	Разбудени фурии	Разбудени фурии	Ричард Морган	Ричард Морган
939	7181	Сразени ангели	Сразени ангели	Ричард Морган	Ричард Морган
940	1220	Наемниците на Дендарии	Наемниците на Дендарии	Лоис Макмастър Бюджолд	Лоис Макмастър Бюджолд
941	4469	Войната на завоевателите	Войната на завоевателите	Тимъти Зан	Тимъти Зан
943	4169	Блекколар	Блекколар	Тимъти Зан	Тимъти Зан
944	5115	Суперкомандос	Суперкомандос	Ричард Морган	Ричард Морган
947	1942	Хронолитите	Хронолитите	Робърт Чарлз Уилсън	Робърт Чарлз Уилсън
949	7121	Вариант 13	Вариант 13	Ричард Морган	Ричард Морган
952	2356	Книгата на черепите	Книгата на черепите	Робърт Силвърбърг	Робърт Силвърбърг
953	3109	Призрачните бригади	Призрачните бригади	Джон Скалзи	Джон Скалзи
955	3120	Лицето над водата	Лицето над водата	Робърт Силвърбърг	Робърт Силвърбърг
957	2966	Ватерлиния	Ватерлиния	Александър Громов	Александър Громов
958	1229	Дипломатически имунитет	Дипломатически имунитет	Лоис Макмастър Бюджолд	Лоис Макмастър Бюджолд
959	4427	Криожега	Криожега	Лоис Макмастър Бюджолд	Лоис Макмастър Бюджолд
960	164	Паравреме	Паравреме	Х. Бийм Пайпър	Х. Бийм Пайпър
964	7227	Ангелиада	Ангелиада	Тимъти Зан	Тимъти Зан
965	1785	Лъвовете на Ал-Расан	Лъвовете на Ал-Расан	Гай Гавриел Кай	Гай Гавриел Кай
967	4759	Цитаделата на Аутарха	Цитаделата на аутарха	Джийн Улф	Джийн Улф
970	1228	Цивилна кампания	Цивилна кампания	Лоис Макмастър Бюджолд	Лоис Макмастър Бюджолд
971	953	Хиперион	Хиперион	Дан Симънс	Дан Симънс
972	1192	Еон	Еон	Грег Беър	Грег Беър
976	7380	Гонитба за Икар	Гонитба за Икар	Тимъти Зан	Тимъти Зан
977	945	Магистрала на вечността	Магистрала на вечността	Клифърд Саймък	Клифърд Саймък
978	1234	Човекът във високия замък	Човекът във високия замък	Филип К. Дик	Филип К. Дик
979	4409	Спусъкът	Спусъкът	Артър Кларк	Артър Кларк
980	1242	Господарят на светлината	Господарят на светлината	Роджър Зелазни	Роджър Зелазни
981	1242	Господарят на светлината	Господарят на светлината	Роджър Зелазни	Роджър Зелазни
982	1145	Време на промени	Време на промени	Робърт Силвърбърг	Робърт Силвърбърг
983	7226	Планетата в края на времето	Планетата в края на времето	Фредерик Пол	Фредерик Пол
984	1115	Втора одисея: 2010	Втора одисея: 2010	Артър Кларк	Артър Кларк
985	979	Гейтуей	Гейтуей	Фредерик Пол	Фредерик Пол
986	132	Звездна вълна се надига	Звездна вълна се надига	Дейвид Брин	Дейвид Брин
987	1019	Война на реалности	Война на реалности	Филип К. Дик	Филип К. Дик
989	4369	Многоръкият бог на Далайна	Многоръкият бог на далайна	Святослав Логинов	Святослав Логинов
990	999	Планетата на прокълнатите	Планетата на прокълнатите	Хари Харисън	Хари Харисън
991	993	Вечност	Вечност	Грег Беър	Грег Беър
998	7786	Покана за екзекуция	Покана за екзекуция	Владимир Набоков	Владимир Набоков
999	2389	Потапяне в слънцето	Потапяне в слънцето	Дейвид Брин	Дейвид Брин
1000	1417	Алеята на прокълнатите	Алеята на прокълнатите	Роджър Зелазни	Роджър Зелазни
1001	1227	Комар	Комар	Лоис Макмастър Бюджолд	Лоис Макмастър Бюджолд
1003	3502	Дяволски свят	Дяволски свят	Пол Андерсън	Пол Андерсън
1009	1267	Фантастична светлина	Фантастична светлина	Тери Пратчет	Тери Пратчет
1010	1267	Фантастична светлина	Фантастична светлина	Тери Пратчет	Тери Пратчет
1011	1226	Императорската гвардия	Императорската гвардия	Лоис Макмастър Бюджолд	Лоис Макмастър Бюджолд
1013	4168	Наследството на завоевателите	Наследството на завоевателите	Тимъти Зан	Тимъти Зан
1022	982	Гейтуей IV	Гейтуей IV	Фредерик Пол	Фредерик Пол
1023	1225	Братя по оръжие	Братя по оръжие	Лоис Макмастър Бюджолд	Лоис Макмастър Бюджолд
1039	2119	Сделка за кобри	Сделка за кобри	Тимъти Зан	Тимъти Зан
1045	7956	Мъглата на забравата	Мъглата на забравата	Бианка Минте-Кьоних	Бианка Минте-Кьоних
1047	2056	Наклонената свещ	Наклонената свещ	Ърл Стенли Гарднър	Ърл Стенли Гарднър
1049	1836	Дюн	Дюн	Франк Хърбърт	Франк Хърбърт
1050	1836	Дюн	Дюн	Франк Хърбърт	Франк Хърбърт
1051	953	Хиперион	Хиперион	Дан Симънс	Дан Симънс
1052	955	Ендимион	Ендимион	Дан Симънс	Дан Симънс
1056	2497	Стоманеният плъх в танц със смъртта	Стоманеният плъх в танц със смъртта	Хари Харисън	Хари Харисън
1057	1222	Игрите на Вор	Игрите на Вор	Лоис Макмастър Бюджолд	Лоис Макмастър Бюджолд
1058	2702	Снежната кралица	Снежната кралица	Джоан Д. Виндж	Джоан Д. Виндж
1059	3204	Преместването на Марс	Преместването на Марс	Грег Беър	Грег Беър
1061	7120	Донърджак	Донърджак	Роджър Зелазни	Роджър Зелазни
1066	1223	Сетаганда	Сетаганда	Лоис Макмастър Бюджолд	Лоис Макмастър Бюджолд
1067	3190	Стълба към небето	Стълба към небето	Дейвид Брин	Дейвид Брин
1068	354	Нощен влак за Вавилон	Нощен влак за Вавилон	Рей Бредбъри	Рей Бредбъри
1069	7228	Войната на вярата	Войната на вярата	Л. Е. Модезит-младши	Л. Е. Модезит-младши
1071	1669	Гласовете ви чувам	Гласовете ви чувам	Димитър Талев	Димитър Талев
1075	4511	Синият Марс	Синият Марс	Ким Стенли Робинсън	Ким Стенли Робинсън
1076	4846	Книга на Страшния съд	Книга на Страшния съд	Кони Уилис	Кони Уилис
1078	1144	Терминален експеримент	Терминален експеримент	Робърт Сойер	Робърт Сойер
1080	7311	Играчът на играчите	Играчът на играчите	Йеин М. Бенкс	Йеин М. Бенкс
1086	1457	Душата на огъня	Душата на огъня	Тери Гудкайнд	Тери Гудкайнд
1103	7185	За подмяна	За подмяна	Майкъл Маршал Смит	Майкъл Маршал Смит
1104	956	Триумфът на Ендимион	Триумфът на Ендимион	Дан Симънс	Дан Симънс
1106	1221	Границите на безкрая	Границите на безкрая	Лоис Макмастър Бюджолд	Лоис Макмастър Бюджолд
1107	1847	Диамантената ера	Диамантената ера	Нийл Стивънсън	Нийл Стивънсън
1108	958	Падналите богове	Падналите богове	Дейвид Зиндел	Дейвид Зиндел
1110	2756	Стоманеният плъх си свирка блус	Стоманеният плъх си свирка блус	Хари Харисън	Хари Харисън
1112	4170	Гордостта на завоевателите	Гордостта на завоевателите	Тимъти Зан	Тимъти Зан
1114	4510	Зеленият Марс	Зеленият Марс	Ким Стенли Робинсън	Ким Стенли Робинсън
1117	1629	Ударът на кобрата	Ударът на кобрата	Тимъти Зан	Тимъти Зан
1119	1218	За честта на Вор	За честта на Вор	Лоис Макмастър Бюджолд	Лоис Макмастър Бюджолд
1120	4462	Червеният Марс	Червеният Марс	Ким Стенли Робинсън	Ким Стенли Робинсън
1125	2755	Стоманения плъх	Стоманения плъх	Хари Харисън	Хари Харисън
1126	7697	Не се връщай	Не се връщай	Лий Чайлд	Лий Чайлд
1128	955	Ендимион	Ендимион	Дан Симънс	Дан Симънс
1131	2630	Пейзажите на времето	Пейзажите на времето	Грегъри Бенфорд	Грегъри Бенфорд
1133	5559	Пътешествията на Тъф	Пътешествията на Тъф	Джордж Р. Р. Мартин	Джордж Р. Р. Мартин
1135	4367	Войната на Ъплифта	Войната на Ъплифта	Дейвид Брин	Дейвид Брин
1139	4941	Сантяго	Сантяго	Майк Резник	Майк Резник
1142	2118	Кобра	Кобра	Тимъти Зан	Тимъти Зан
1148	1456	Протектор	Протектор	Лари Нивън	Лари Нивън
1149	1675	Огледален танц	Огледален танц	Лоис Макмастър Бюджолд	Лоис Макмастър Бюджолд
1150	1446	Хронобандити	Хронобандити	Роджър Зелазни	Роджър Зелазни
1151	954	Падането на Хиперион	Падането на Хиперион	Дан Симънс	Дан Симънс
1152	6952	Посетителите	Посетителите	Клифърд Саймък	Клифърд Саймък
1153	4957	Октагон	Октагон	Фред Саберхаген	Фред Саберхаген
1154	1219	Бараяр	Бараяр	Лоис Макмастър Бюджолд	Лоис Макмастър Бюджолд
1157	970	Кошерът на Хелстрьом	Кошерът на Хелстрьом	Франк Хърбърт	Франк Хърбърт
1160	1663	Пътят на славата	Пътят на славата	Робърт Хайнлайн	Робърт Хайнлайн
1165	1084	Свят извън времето	Свят извън времето	Лари Нивън	Лари Нивън
1172	1096	Сфера	Сфера	Майкъл Крайтън	Майкъл Крайтън
1174	4749	Тайната на Артемис Фоул	Тайната на Артемис Фоул	Оуън Колфър	Оуън Колфър
1176	6441	Мери Попинз	Мери Попинз	Памела Травърз	Памела Травърз
1177	2021	Олимп	Олимп	Дан Симънс	Дан Симънс
1178	1758	Последният сребърник	Последният сребърник	Джеймс П. Блейлок	Джеймс П. Блейлок
1179	1222	Игрите на Вор	Игрите на Вор	Лоис Макмастър Бюджолд	Лоис Макмастър Бюджолд
1180	132	Звездна вълна се надига	Звездна вълна се надига	Дейвид Брин	Дейвид Брин
1181	1440	Илион	Илион	Дан Симънс	Дан Симънс
1186	6876	Селцето	Селцето	Кир Буличов	Кир Буличов
1187	1064	Параграф 22	Параграф 22	Джоузеф Хелър	Джоузеф Хелър
1193	1084	Свят извън времето	Свят извън времето	Лари Нивън	Лари Нивън
1196	7737	16 страховити истории	16 страховити истории	Робърт Шекли	Робърт Шекли
1199	6875	Заклинателят	Заклинателят	Уилям Питър Блати	Уилям Питър Блати
1205	7735	Слепоглед	Слепоглед	Питър Уотс	Питър Уотс
1206	7677	Шадоус Фол	Шадоус Фол	Саймън Грийн	Саймън Грийн
1209	7825	Космически хищници	Космически хищници	Алфред Ван Вогт	Алфред ван Вогт
1212	7819	Оръжейните майстори	Оръжейните майстори	Алфред Ван Вогт	Алфред ван Вогт
1222	5003	Конан наемника	Конан наемника	Джон Мадокс Робъртс	Джон Мадокс Робъртс
1225	5229	Съкровището на Питон	Съкровището на Питон	Джон Мадокс Робъртс	Джон Мадокс Робъртс
1237	5244	Избрани творби в пет тома	Избрани творби в пет тома	Стефан Цвайг	Стефан Цвайг
1237	6235	Избрани творби в пет тома	Избрани творби в пет тома	Стефан Цвайг	Стефан Цвайг
1239	7678	Момчешки живот	Момчешки живот	Робърт МакКамън	Робърт МакКамън
1240	7736	Морелси	Морелси	Чайна Миевил	Чайна Миевил
1242	1671	Сенки	Сенки	Джон Сол	Джон Сол
1243	1641	Шибуми	Шибуми	Треванян	Треванян
1244	3099	Тълкуване на убийството	Тълкуване на убийството	Джед Рубенфелд	Джед Рубенфелд
1245	2379	Да спасиш свидетел	Да спасиш свидетел	Дейвид Балдачи	Дейвид Балдачи
1246	2743	Абсолютна власт	Абсолютна власт	Дейвид Балдачи	Дейвид Балдачи
1248	2166	Документът на Матлок	Документът на Матлок	Робърт Лъдлъм	Робърт Лъдлъм
1253	6455	Американецът	Американецът	Ендрю Бритън	Ендрю Бритън
1261	7723	Ужас	Ужас	Дан Симънс	Дан Симънс
1265	7936	Господарката	Господарката	Клер Лоримър	Клер Лоримър
1266	7937	Дивото цвете	Дивото цвете	Клер Лоримър	Клер Лоримър
1267	7938	Морийн	Морийн	Клер Лоримър	Клер Лоримър
1268	7908	Изплъзващи се образи	Изплъзващи се образи	Елизабет Адлър	Елизабет Адлър
1271	3615	Байрон	Байрон	Андре Мороа	Андре Мороа
1273	7519	Хайка за вълци	Хайка за вълци	Ивайло Петров	Ивайло Петров
1274	196	Пари	Пари	Емил Зола	Емил Зола
1274	4675	Пари	Пари	Емил Зола	Емил Зола
1279	2286	Кралица Марго	Кралица Марго	Александър Дюма	Александър Дюма
1280	7063	Диамантите на Рурк	Диамантите на Рурк	Филип Финч	Филип Финч
1281	1123	Лице в лице	Лице в лице	Филип Финч	Филип Финч
1282	1830	Тай хорс	Тай Хорс	Уилям Дийл	Уилям Дийл
1283	1830	Тай хорс	Тай Хорс	Уилям Дийл	Уилям Дийл
1284	1252	Кери	Кери	Стивън Кинг	Стивън Кинг
1285	2161	Проклятието	Проклятието	Стивън Кинг	Стивън Кинг
1286	1255	Очите на дракона	Очите на дракона	Стивън Кинг	Стивън Кинг
1289	112	Четири след полунощ	Четири след полунощ	Стивън Кинг	Стивън Кинг
1290	3251	Драконови сълзи	Драконови сълзи	Дийн Кунц	Дийн Кунц
1291	2185	Древният враг	Древният враг	Дийн Кунц	Дийн Кунц
1293	2954	Джулия	Джулия	Питър Строб	Питър Строб
1294	112	Четири след полунощ	Четири след полунощ	Стивън Кинг	Стивън Кинг
1302	920	Главата на професор Доуел	Главата на професор Доуел	Александър Беляев	Александър Беляев
1303	2940	Лунен прах	Лунен прах	Артър Кларк	Артър Кларк
1304	1247	Непобедимият	Непобедимият	Станислав Лем	Станислав Лем
1315	1028	Часът на бика	Часът на Бика	Иван Ефремов	Иван Ефремов
1319	5884	Костите на Мерлин	Костите на Мерлин	Фред Саберхаген	Фред Саберхаген
1321	2167	Играта на Джералд	Играта на Джералд	Стивън Кинг	Стивън Кинг
1328	6277	Предчувствието	Предчувствието	Ендрю Лоурънс	Ендрю Лоурънс
1329	6278	Астрална връзка	Астрална връзка	Ендрю Лоурънс	Ендрю Лоурънс
1330	6279	Нероденото	Нероденото	Ендрю Лоурънс	Ендрю Лоурънс
1331	5109	Луната	Луната	Джеймс Хърбърт	Джеймс Хърбърт
1333	4734	Лицата на огъня	Лицата на огъня	Майкъл Ян Фрийдман	Майкъл Ян Фрийдман
1334	5404	Проход между световете	Проход между световете	Питър Дейвид	Питър Дейвид
1335	3031	Еманципирана магия	Еманципирана магия	Тери Пратчет	Тери Пратчет
1336	3031	Еманципирана магия	Еманципирана магия	Тери Пратчет	Тери Пратчет
1340	1168	Последен патрул	Последен патрул	Сергей Лукяненко	Сергей Лукяненко
1341	7789	Нов патрул	Нов патрул	Сергей Лукяненко	Сергей Лукяненко
1346	5405	Наследство	Наследство	Майкъл Ян Фрийдман	Майкъл Ян Фрийдман
1349	53	1984	1984	Джордж Оруел	Джордж Оруел
1360	1209	Капитан Немо	Капитан Немо	Жул Верн	Жул Верн
1362	1481	Скарамуш	Скарамуш	Рафаел Сабатини	Рафаел Сабатини
1363	40	Роб Рой	Роб Рой	Уолтър Скот	Уолтър Скот
1364	1434	Север против юг	Север против Юг	Жул Верн	Жул Верн
1366	2012	Ловецът на елени	Ловецът на елени	Джеймс Фенимор Купър	Джеймс Фенимор Купър
1376	941	Всичко живо е трева	Всичко живо е трева	Клифърд Саймък	Клифърд Саймък
1378	1333	Война на световете	Война на световете	Хърбърт Уелс	Хърбърт Уелс
1379	1595	Сенна хрема	Сенна хрема	Станислав Лем	Станислав Лем
1382	6955	Стингър	Стингър	Робърт МакКамън	Робърт МакКамън
1383	941	Всичко живо е трева	Всичко живо е трева	Клифърд Саймък	Клифърд Саймък
1386	2889	Грешниците	Грешниците	Джаки Колинс	Джаки Колинс
1396	5453	Цялото кралско войнство	Цялото кралско войнство	Робърт Пен Уорън	Робърт Пен Уорън
1400	1199	Голото слънце	Голото слънце	Айзък Азимов	Айзък Азимов
1403	3932	Робинята Изаура	Робинята Изаура	Бернарду Гимарайнс	Бернарду Гимарайнс
1412	1268	Страта	Страта	Тери Пратчет	Тери Пратчет
1414	1333	Война на световете	Война на световете	Хърбърт Уелс	Хърбърт Уелс
1430	1257	Бягащият човек	Бягащият човек	Стивън Кинг	Стивън Кинг
1433	111	Особени сезони	Особени сезони	Стивън Кинг	Стивън Кинг
1441	1288	Марсиански хроники	Марсиански хроники	Рей Бредбъри	Рей Бредбъри
1442	1795	Вино от глухарчета	Вино от глухарчета	Рей Бредбъри	Рей Бредбъри
1448	7901	Отвъд бездната	Отвъд бездната	Арчибалд Кронин	Арчибалд Кронин
1451	1349	Игра на тронове	Игра на тронове	Джордж Р. Р. Мартин	Джордж Р. Р. Мартин
1456	1350	Сблъсък на крале	Сблъсък на крале	Джордж Р. Р. Мартин	Джордж Р. Р. Мартин
1457	1810	Вихър от мечове	Вихър от мечове	Джордж Р. Р. Мартин	Джордж Р. Р. Мартин
1458	1520	Пир за врани	Пир за врани	Джордж Р. Р. Мартин	Джордж Р. Р. Мартин
1465	7521	Плът	Плът	Ричард Леймън	Ричард Леймън
1468	1102	Майстора и Маргарита	Майстора и Маргарита	Михаил Булгаков	Михаил Булгаков
1470	5883	Операция „Страшният съд“	Операция „Страшният съд“	Сидни Шелдън	Сидни Шелдън
1472	5668	Денят на змията	Денят на змията	Стив Олтън	Стив Олтън
1473	1054	Титан	Титан	Джон Варли	Джон Варли
1480	5576	Танц с дракони	Танц с дракони	Джордж Р. Р. Мартин	Джордж Р. Р. Мартин
1499	6051	Гравитация	Гравитация	Тес Геритсън	Тес Геритсън
1500	1917	Без гравитация	Без гравитация	Лоис Макмастър Бюджолд	Лоис Макмастър Бюджолд
1506	974	Експериментът Досейди	Експериментът Досейди	Франк Хърбърт	Франк Хърбърт
1507	558	Диви разкази	Диви разкази	Николай Хайтов	Николай Хайтов
1509	1616	Царството на злото	Царството на злото	Клифърд Саймък	Клифърд Саймък
1510	1610	Върколак	Върколак	Клифърд Саймък	Клифърд Саймък
1511	1302	Котешко лице	Котешко лице	Клифърд Саймък	Клифърд Саймък
1517	2155	Мъртвата зона	Мъртвата зона	Стивън Кинг	Стивън Кинг
1526	1409	Избрани произведения в два тома	Избрани произведения в два тома	Александър Беляев	Александър Беляев
1527	1409	Избрани произведения в два тома	Избрани произведения в два тома	Александър Беляев	Александър Беляев
1532	7976	Смехът на шопа	Смехът на шопа	Никола Анастасов	Никола Анастасов
1560	6967	Скитникът евреин	Скитникът евреин	Йожен Сю	Йожен Сю
1560	6968	Скитникът евреин	Скитникът евреин	Йожен Сю	Йожен Сю
1561	6967	Скитникът евреин	Скитникът евреин	Йожен Сю	Йожен Сю
1561	6968	Скитникът евреин	Скитникът евреин	Йожен Сю	Йожен Сю
1592	4310	Непосилната лекота на битието	Непосилната лекота на битието	Милан Кундера	Милан Кундера
1613	4613	УИНИПЕГСКИЯТ ВЪЛК	Уинипегският вълк	Ърнест Томпсън Ситън	Ърнест Томпсън Ситън
1614	298	ПОГРЕБАНАТА ТАЙНА	Погребаната тайна	ЛАФКАДИО ХЪРН	Лафкадио Хърн
1651	2325	Мъжът и жената интимно	Мъжът и жената интимно	Зигфрид Шнабл	Зигфрид Шнабл
1747	6041	Окръг Форд	Окръг Форд	Джон Гришам	Джон Гришам
1761	6765	Дневникът на един Дръндьо	Дневникът на един дръндьо	Джеф Кини	Джеф Кини
1806	5167	Бурята	Бурята	Цончо Родев	Цончо Родев
1807	5168	И стана ден	И стана ден	Цончо Родев	Цончо Родев
